id,method,category,status,available,init_ms,avg_ms,median_ms,fps,bg_iou,fg_mae,changed_ratio
0,MODNet,深度学习 Matting,完成,True,1879.6050999999352,242.1172666666583,227.5865500000691,4.130230007002259,0.9932842935513514,2.616482379735392,0.8392035590277778
1,MediaPipe,深度学习 Segmentation,完成,True,565.2516999998625,106.85818000001746,104.73310000043057,9.358197940483702,0.8335677083333334,131.9871920582764,1.0
2,RVM,深度学习 Video Matting,完成,True,193.75579999996262,6.30010666676147,6.099449999965145,158.72747127852102,0.9579251670625831,16.537234652897304,0.8709010416666667
3,MOG2,传统 CV 背景建模,完成,True,2.0479000004343106,4.213013333416408,4.153100000166887,237.35979947376097,0.9968437424608123,1.8576400841461083,0.8321128472222222
4,KNN,传统 CV 背景建模,完成,True,0.48040000001492444,4.999043333342949,4.968800000369811,200.03827398937193,0.9968437424608123,1.8576400841461083,0.8321128472222222
5,GrabCut,传统 CV 交互式分割改造,完成,True,0.45139999929233454,11.623009999918091,0.9711500001685636,86.03623329989797,0.9079776466752473,23.459604652375738,0.821703125
6,LOBSTER,传统 CV/LBSP 背景建模,完成,True,0.49790000048233196,55.35813999995298,54.898900000353024,18.064190740527938,0.9792219896487446,0.2162833150784958,0.8162478298611111
7,SuBSENSE,传统 CV/LBSP 自适应背景建模,完成,True,0.5639000000883243,58.17494666662242,58.39939999987109,17.189530155147438,0.9606192059614066,18.39021801491681,0.8677400173611112
